language,id,nbOccurrences,word,POS,SemCat1,SemCat2,SemValue,Comments
spa,19,849,Popi,N,figure,,,
spa,18,165,a,Prep,,,,
spa,51,100,abajo,Adv,path,,down,
spa,574,1,acaba,V,,,,
spa,364,1,acabe,V,,,,
spa,606,1,accidente,N,,,,
spa,450,16,acera,N,ground,,,
spa,566,1,acuerdo,N,,,,
spa,195,2,adentra,V,path,,into,
spa,434,9,adentro,Adv,path,,into,
spa,177,1,agarrado,Part,,,,
spa,363,6,ah,Interj,,,,
spa,234,3,ahora,Adv,,,,
spa,16,4,ahí,Adv,,,,
spa,11,96,al,,,,,
spa,286,5,algo,,,,,
spa,405,2,alguna,,,,,
spa,509,6,almacén,N,ground,,,
spa,469,5,alta,Adj,,,,
spa,197,48,alto,Adj,,,,
spa,148,6,amarilla,Adj,,,,
spa,483,1,amarillo,Adj,,,,
spa,103,2,ambos,,,,,
spa,560,2,andando,VGer,agent_manner,,,
spa,860,1,anterior,,,,,
spa,544,4,antes,,,,,
spa,592,1,anómalo,,,,,
spa,880,1,aparece,,,,,
spa,575,12,aquí,,,,,
spa,222,46,arena,N,ground,,,
spa,187,141,arrastra,V,cause_manner,object_manner,,SemCat?
spa,472,1,arrastraba,V,cause_manner,object_manner,,
spa,3,38,arrastrado,V,cause_manner,object_manner,,POS?
spa,100,147,arrastrando,VGer,cause_manner,object_manner,,
spa,661,1,arrastrar,VInf,cause_manner,object_manner,,POS?
spa,862,1,arrastrarlo,VInf,cause_manner,object_manner,,POS?
spa,836,1,arrastrándo,VGer,cause_manner,object_manner,,
spa,225,5,arrastrándola,VGer,cause_manner,object_manner,,
spa,292,7,arrastrándolo,VGer,cause_manner,object_manner,,
spa,269,46,arriba,Adv,path,,up,
spa,772,1,ascendiendo,VGer,path,,up,
spa,780,5,asciende,V,path,,up,
spa,779,4,asfaltar,,,,,
spa,232,7,así,,,,,
spa,824,2,atado,,,,,
spa,382,7,atravesado,V,path,,across,POS?
spa,446,17,atravesando,VGer,path,,across,
spa,474,4,atravesar,Vinf,path,,across,POS?
spa,374,10,atraviesa,V,path,,across,
spa,702,1,atrás,,,,,
spa,367,1,aunque,,,,,
spa,891,2,automóvil,N,figure,,,
spa,248,1,avanza,V,,,,
spa,815,1,ayuda,,,,,
spa,811,1,ayudado,,,,,
spa,75,7,azul,,,,,
spa,180,105,baja,V,path,,down,
spa,275,80,bajado,V,path,,down,
spa,255,22,bajando,VGer,path,,down,
spa,336,5,bajar,VInf,path,,down,
spa,64,27,balancín,,,,,
spa,549,1,ballenas,,,,,
spa,218,21,balón,,,,,
spa,645,6,base,,,,,
spa,209,63,baúl,,,,,
spa,116,47,bebé,,,,,
spa,33,2,bien,,,,,
spa,322,8,blanco,,,,,
spa,171,3,bola,,,,,
spa,403,1,bolsa,,,,,
spa,448,1,borde,,,,,
spa,117,2,bordillo,,,,,
spa,240,14,bosque,,,,,
spa,430,11,bueno,,,,,
spa,223,38,caballito,,,,,
spa,272,17,caballo,,,,,
spa,909,1,caballos,,,,,
spa,329,11,caja,,,,,
spa,185,115,calle,,,,,
spa,238,39,calzada,,,,,
spa,800,2,camina,,,,,
spa,239,2,caminando,,,,,
spa,13,65,camino,,,,,
spa,459,4,campo,,,,,
spa,551,1,canasta,,,,,
spa,108,8,canasto,,,,,
spa,765,2,carga,,,,,
spa,806,1,cargado,,,,,
spa,82,8,cargando,,,,,
spa,877,1,carra,,,,,
spa,519,1,carreta,,,,,
spa,110,64,carretera,,,,,
spa,83,78,carretilla,,,,,
spa,674,3,carretillo,,,,,
spa,281,6,carricoche,,,,,
spa,101,106,carrito,,,,,
spa,207,66,carro,,,,,
spa,916,1,carros,,,,,
spa,611,3,carruaje,,,,,
spa,52,111,casa,,,,,
spa,135,3,caserón,,,,,
spa,590,1,casi,,,,,
spa,583,6,caso,,,,,
spa,495,2,castellano,,,,,
spa,471,1,caído,,,,,
spa,731,1,cena,,,,,
spa,735,1,cerca,,,,,
spa,210,41,cesta,,,,,
spa,263,29,cesto,,,,,
spa,61,21,cima,,,,,
spa,556,3,cobertizo,,,,,
spa,48,72,coche,,,,,
spa,131,15,cochecito,,,,,
spa,107,18,cofre,,,,,
spa,332,1,coge,,,,,
spa,170,5,cogido,,,,,
spa,620,1,cogiéndolo,,,,,
spa,335,3,colchoneta,,,,,
spa,63,260,colina,,,,,
spa,782,5,color,,,,,
spa,293,1,colores,,,,,
spa,664,3,comedor,,,,,
spa,250,1,comienza,,,,,
spa,284,16,como,,,,,
spa,102,53,compra,,,,,
spa,58,206,con,,,,,
spa,68,1,conduciendo,,,,,
spa,788,2,consigo,,,,,
spa,596,2,contraria,,,,,
spa,859,4,contrario,,,,,
spa,122,1,cornisa,,,,,
spa,585,1,cosa,,,,,
spa,663,1,cosas,,,,,
spa,165,2,creo,,,,,
spa,184,115,cruza,,,,,
spa,136,76,cruzado,,,,,
spa,253,30,cruzando,,,,,
spa,314,7,cruzar,,,,,
spa,709,4,cuadra,,,,,
spa,143,3,cuando,,,,,
spa,776,1,cubierta,,,,,
spa,145,9,cuerda,,,,,
spa,268,20,cuesta,,,,,
spa,267,11,cuestas,,,,,
spa,72,168,cueva,,,,,
spa,768,1,círculo,,,,,
spa,310,4,cómo,,,,,
spa,831,1,cúbica,,,,,
spa,654,1,cúspide,,,,,
spa,349,1,da,,,,,
spa,94,1,dado,,,,,
spa,6,981,de,,,,,
spa,352,3,decir,,,,,
spa,530,1,dejado,,,,,
spa,8,109,del,,,,,
spa,587,8,delante,,,,,
spa,548,5,delfines,,,,,
spa,163,1,delizase,,,,,
spa,71,59,dentro,,,,,
spa,777,1,deposita,,,,,
spa,294,44,derecha,,,,,
spa,10,13,derecho,,,,,
spa,346,1,descender,,,,,
spa,774,3,descendiendo,,,,,
spa,625,11,desciende,,,,,
spa,50,57,desde,,,,,
spa,807,4,desliza,,,,,
spa,106,5,deslizado,,,,,
spa,147,2,deslizando,,,,,
spa,812,1,deslizar,,,,,
spa,613,18,desplaza,,,,,
spa,274,6,desplazado,,,,,
spa,580,9,desplazando,,,,,
spa,866,2,después,,,,,
spa,428,17,detrás,,,,,
spa,769,1,dibujados,,,,,
spa,356,1,dicho,,,,,
spa,507,1,difícil,,,,,
spa,358,2,digamos,,,,,
spa,299,1,digo,,,,,
spa,619,1,dije,,,,,
spa,837,2,dirige,,,,,
spa,840,1,dirigiendo,,,,,
spa,699,1,disco,,,,,
spa,540,2,donde,,,,,
spa,330,1,donut,,,,,
spa,626,2,donuts,,,,,
spa,133,64,duna,,,,,
spa,498,7,edificio,,,,,
spa,46,193,eh,,,,,
spa,22,4,ehm,,,,,
spa,38,426,el,,,,,
spa,337,6,eleva,,,,,
spa,533,6,ella,,,,,
spa,194,123,empuja,,,,,
spa,524,1,empujaba,,,,,
spa,59,42,empujado,,,,,
spa,89,105,empujando,,,,,
spa,869,1,empujar,,,,,
spa,181,5,empujándola,,,,,
spa,437,4,empujándolo,,,,,
spa,84,266,en,,,,,
spa,215,22,encima,,,,,
spa,896,1,encuentra,,,,,
spa,827,1,enganchado,,,,,
spa,243,1,enganchando,,,,,
spa,282,3,enorme,,,,,
spa,189,34,entra,,,,,
spa,125,39,entrado,,,,,
spa,882,1,entrando,,,,,
spa,497,13,entrar,,,,,
spa,690,2,entre,,,,,
spa,36,24,es,,,,,
spa,383,1,esa,,,,,
spa,321,1,escala,,,,,
spa,404,1,escalado,,,,,
spa,508,1,escalón,,,,,
spa,395,8,escena,,,,,
spa,695,1,esconderla,,,,,
spa,20,1,ese,,,,,
spa,35,7,eso,,,,,
spa,600,1,esos,,,,,
spa,797,1,espacio,,,,,
spa,85,2,espalda,,,,,
spa,245,1,espaldas,,,,,
spa,657,3,especie,,,,,
spa,621,1,esperaría,,,,,
spa,219,11,esta,,,,,
spa,518,2,estaba,,,,,
spa,285,25,establo,,,,,
spa,153,10,este,,,,,
spa,892,5,estira,,,,,
spa,885,3,estirando,,,,,
spa,227,2,estos,,,,,
spa,166,54,está,,,,,
spa,723,1,explicarlo,,,,,
spa,458,1,extraña,,,,,
spa,464,7,extremo,,,,,
spa,300,2,falta,,,,,
spa,56,12,final,,,,,
spa,105,76,flotador,,,,,
spa,457,3,forma,,,,,
spa,453,7,fruta,,,,,
spa,513,6,frutas,,,,,
spa,900,2,frutero,,,,,
spa,559,1,fuerte,,,,,
spa,96,1,fuerza,,,,,
spa,770,1,fácil,,,,,
spa,771,1,fáciles,,,,,
spa,665,6,garaje,,,,,
spa,455,6,gigante,,,,,
spa,703,2,gira,,,,,
spa,323,6,girando,,,,,
spa,505,7,girar,,,,,
spa,716,1,gire,,,,,
spa,816,1,giro,,,,,
spa,778,1,girándola,,,,,
spa,159,3,goma,,,,,
spa,732,2,gran,,,,,
spa,614,7,grande,,,,,
spa,348,17,granero,,,,,
spa,262,13,granja,,,,,
spa,591,2,gruta,,,,,
spa,672,1,guarda,,,,,
spa,273,6,guardado,,,,,
spa,696,4,guardarla,,,,,
spa,2,502,ha,,,,,
spa,598,1,habitualmente,,,,,
spa,545,1,había,,,,,
spa,246,14,hace,,,,,
spa,681,1,hacer,,,,,
spa,799,1,hacerla,,,,,
spa,810,1,hacerlo,,,,,
spa,270,104,hacia,,,,,
spa,512,13,haciendo,,,,,
spa,760,2,haciéndolo,,,,,
spa,104,2,han,,,,,
spa,597,1,haría,,,,,
spa,55,167,hasta,,,,,
spa,876,1,he,,,,,
spa,87,6,hecho,,,,,
spa,167,2,helado,,,,,
spa,616,1,hemos,,,,,
spa,254,15,hinchable,,,,,
spa,424,21,hm,,,,,
spa,828,2,hombro,,,,,
spa,260,1,horizontal,,,,,
spa,139,1,hundirse,,,,,
spa,872,1,iba,,,,,
spa,67,19,ido,,,,,
spa,594,5,igual,,,,,
spa,169,1,imposible,,,,,
spa,666,1,impulsa,,,,,
spa,659,2,impulsando,,,,,
spa,670,1,impulsándolo,,,,,
spa,622,1,inflable,,,,,
spa,915,2,inmueble,,,,,
spa,305,1,insensato,,,,,
spa,339,41,interior,,,,,
spa,452,33,introduce,,,,,
spa,70,7,introducido,,,,,
spa,899,3,introducirla,,,,,
spa,698,2,introducirse,,,,,
spa,767,1,introduciéndolo,,,,,
spa,295,42,izquierda,,,,,
spa,12,10,izquierdo,,,,,
spa,726,1,jolín,,,,,
spa,49,58,juguete,,,,,
spa,648,5,junto,,,,,
spa,4,991,la,,,,,
spa,62,51,ladera,,,,,
spa,9,64,lado,,,,,
spa,307,1,lados,,,,,
spa,542,2,las,,,,,
spa,303,1,le,,,,,
spa,898,1,leñero,,,,,
spa,895,1,lila,,,,,
spa,311,3,llama,,,,,
spa,179,4,llega,,,,,
spa,160,3,llegado,,,,,
spa,192,4,llegar,,,,,
spa,550,3,llena,,,,,
spa,347,10,lleno,,,,,
spa,176,70,lleva,,,,,
spa,156,15,llevado,,,,,
spa,438,35,llevando,,,,,
spa,426,4,llevarla,,,,,
spa,423,1,llevarlo,,,,,
spa,593,1,lleve,,,,,
spa,747,1,llevándola,,,,,
spa,427,4,llevándolo,,,,,
spa,751,2,lluvioso,,,,,
spa,196,84,lo,,,,,
spa,113,4,los,,,,,
spa,586,1,lugar,,,,,
spa,65,30,madera,,,,,
spa,60,81,maleta,,,,,
spa,567,2,maletín,,,,,
spa,429,1,malina,,,,,
spa,406,4,manera,,,,,
spa,288,5,mano,,,,,
spa,700,4,manos,,,,,
spa,538,2,manteniendo,,,,,
spa,531,1,manteniéndolo,,,,,
spa,109,68,manzanas,,,,,
spa,737,2,mar,,,,,
spa,653,1,material,,,,,
spa,589,1,mayor,,,,,
spa,355,2,me,,,,,
spa,829,8,medio,,,,,
spa,432,2,menos,,,,,
spa,823,2,mercancía,,,,,
spa,90,81,mesa,,,,,
spa,146,3,mesita,,,,,
spa,241,49,mete,,,,,
spa,134,8,meterla,,,,,
spa,755,2,meterlo,,,,,
spa,256,12,meterse,,,,,
spa,91,30,metido,,,,,
spa,615,1,metiendo,,,,,
spa,761,1,metiéndola,,,,,
spa,861,1,metió,,,,,
spa,333,13,mientras,,,,,
spa,306,2,mira,,,,,
spa,298,1,mirado,,,,,
spa,204,1,misma,,,,,
spa,297,3,mismo,,,,,
spa,510,2,mojada,,,,,
spa,746,2,mojado,,,,,
spa,86,74,montaña,,,,,
spa,520,6,montañita,,,,,
spa,609,1,montañoso,,,,,
spa,324,2,monte,,,,,
spa,553,19,montículo,,,,,
spa,463,5,montón,,,,,
spa,763,2,morada,,,,,
spa,484,5,morado,,,,,
spa,694,1,mover,,,,,
spa,97,3,movido,,,,,
spa,257,1,mueve,,,,,
spa,32,1,muy,,,,,
spa,431,10,más,,,,,
spa,529,5,nada,,,,,
spa,155,1,naranja,,,,,
spa,144,1,negro,,,,,
spa,188,22,neumático,,,,,
spa,141,24,nevada,,,,,
spa,838,1,nevado,,,,,
spa,476,4,ni,,,,,
spa,224,66,nieve,,,,,
spa,618,8,niño,,,,,
spa,451,5,niños,,,,,
spa,14,33,no,,,,,
spa,669,1,nuevamente,,,,,
spa,119,2,nuevo,,,,,
spa,290,43,o,,,,,
spa,705,1,objeto,,,,,
spa,31,1,ocurrido,,,,,
spa,632,1,okey,,,,,
spa,867,1,opuesto,,,,,
spa,420,13,otra,,,,,
spa,172,54,otro,,,,,
spa,608,4,paisaje,,,,,
spa,462,14,pajar,,,,,
spa,793,1,palabra,,,,,
spa,120,14,paquete,,,,,
spa,162,20,para,,,,,
spa,80,4,parado,,,,,
spa,287,13,parece,,,,,
spa,467,14,parte,,,,,
spa,554,3,pasado,,,,,
spa,610,1,pasando,,,,,
spa,473,1,pasar,,,,,
spa,482,1,paseando,,,,,
spa,603,1,pasándola,,,,,
spa,74,60,pelota,,,,,
spa,242,7,pequeña,,,,,
spa,825,1,pequeño,,,,,
spa,278,3,perdón,,,,,
spa,479,8,pero,,,,,
spa,435,1,perpedicular,,,,,
spa,376,6,perpendicular,,,,,
spa,312,3,pesado,,,,,
spa,183,1,pesará,,,,,
spa,710,1,pico,,,,,
spa,140,2,pies,,,,,
spa,132,51,playa,,,,,
spa,124,17,plástico,,,,,
spa,372,3,poco,,,,,
spa,576,1,podía,,,,,
spa,584,1,pones,,,,,
spa,53,199,por,,,,,
spa,168,5,porque,,,,,
spa,781,1,portando,,,,,
spa,604,1,portón,,,,,
spa,392,1,primero,,,,,
spa,744,6,pueblo,,,,,
spa,412,2,puede,,,,,
spa,595,1,puedo,,,,,
spa,743,1,puerta,,,,,
spa,1,83,pues,,,,,
spa,884,2,punta,,,,,
spa,904,4,punto,,,,,
spa,41,150,que,,,,,
spa,198,2,queda,,,,,
spa,534,2,quedado,,,,,
spa,647,1,quieras,,,,,
spa,30,6,qué,,,,,
spa,54,2,rampa,,,,,
spa,93,1,rampita,,,,,
spa,724,1,raro,,,,,
spa,857,2,rastra,,,,,
spa,456,3,rastras,,,,,
spa,798,2,rastrillo,,,,,
spa,783,1,rayas,,,,,
spa,577,1,realista,,,,,
spa,37,1,realmente,,,,,
spa,407,1,recto,,,,,
spa,276,3,redonda,,,,,
spa,830,1,redondo,,,,,
spa,121,81,regalo,,,,,
spa,814,1,remolca,,,,,
spa,624,2,remolque,,,,,
spa,126,8,rodado,,,,,
spa,76,47,rodando,,,,,
spa,88,17,rodar,,,,,
spa,578,3,rodándola,,,,,
spa,69,163,rueda,,,,,
spa,715,1,ruede,,,,,
spa,208,1,rulando,,,,,
spa,137,29,río,,,,,
spa,92,88,saco,,,,,
spa,79,60,se,,,,,
spa,291,6,sea,,,,,
spa,537,2,seguido,,,,,
spa,871,1,seguir,,,,,
spa,612,4,sendero,,,,,
spa,881,2,sentido,,,,,
spa,413,4,ser,,,,,
spa,722,1,será,,,,,
spa,111,4,si,,,,,
spa,579,1,siempre,,,,,
spa,605,1,siguiendo,,,,,
spa,123,85,silla,,,,,
spa,138,5,sin,,,,,
spa,887,1,situada,,,,,
spa,897,1,situado,,,,,
spa,425,4,sobre,,,,,
spa,302,1,solo,,,,,
spa,570,2,son,,,,,
spa,536,1,sonreído,,,,,
spa,689,1,soportando,,,,,
spa,66,38,su,,,,,
spa,178,119,sube,,,,,
spa,47,85,subido,,,,,
spa,247,24,subiendo,,,,,
spa,504,2,subir,,,,,
spa,756,1,subirla,,,,,
spa,865,1,subirlo,,,,,
spa,752,2,subiéndolo,,,,,
spa,229,2,suelo,,,,,
spa,271,1,sujetando,,,,,
spa,149,1,sumergir,,,,,
spa,727,1,superflotador,,,,,
spa,728,1,supergrande,,,,,
spa,713,2,superior,,,,,
spa,182,1,supongo,,,,,
spa,244,5,sus,,,,,
spa,439,3,suyo,,,,,
spa,309,12,sé,,,,,
spa,236,8,sí,,,,,
spa,173,1,tal,,,,,
spa,588,1,tamaño,,,,,
spa,539,7,también,,,,,
spa,174,2,te,,,,,
spa,527,2,techo,,,,,
spa,57,160,tejado,,,,,
spa,351,1,tendría,,,,,
spa,485,1,terraplén,,,,,
spa,607,1,terreno,,,,,
spa,848,2,tesoro,,,,,
spa,784,1,tiempo,,,,,
spa,26,1,tiene,,,,,
spa,914,1,tierra,,,,,
spa,206,31,tira,,,,,
spa,150,2,tirado,,,,,
spa,186,52,tirando,,,,,
spa,528,3,todo,,,,,
spa,649,13,transporta,,,,,
spa,158,1,transportado,,,,,
spa,660,3,transportando,,,,,
spa,449,2,transportándolo,,,,,
spa,447,1,transversalmente,,,,,
spa,338,13,través,,,,,
spa,565,2,túnel,,,,,
spa,24,703,un,,,,,
spa,27,760,una,,,,,
spa,264,2,unos,,,,,
spa,342,3,usando,,,,,
spa,502,1,uy,,,,,
spa,175,21,va,,,,,
spa,496,1,vaivén,,,,,
spa,15,18,vale,,,,,
spa,461,1,valle,,,,,
spa,582,5,vamos,,,,,
spa,878,1,vaya,,,,,
spa,883,1,vehículo,,,,,
spa,142,1,venido,,,,,
spa,301,1,verdad,,,,,
spa,154,19,verde,,,,,
spa,421,19,vez,,,,,
spa,617,1,visto,,,,,
spa,912,2,vivienda,,,,,
spa,308,1,vuelto,,,,,
spa,203,1,vuelve,,,,,
spa,785,2,vía,,,,,
spa,25,87,y,,,,,
spa,373,3,ya,,,,,
spa,164,1,yo,,,,,
spa,646,1,zona,,,,,
spa,157,27,él,,,,,
spa,436,1,éste,,,,,
spa,839,1,ñ,,,,,
swe,1547,2,Han,,,,,
swe,1408,2,Hoip,,,,,
swe,1099,568,Hopi,,,,,
swe,918,64,Hoppi,,,,,
swe,1742,1,Hpoi,,,,,
swe,1038,1,ah,Interj,,,,
swe,1329,3,alla,,,,,
swe,1169,2,alltså,,,,,
swe,1203,1,alperna,,,,,
swe,972,1,alphus,N,ground,,,
swe,1762,1,alpstuga,N,ground,,,
swe,1761,2,alpstugan,N,ground,,,
swe,1369,13,andra,,,,,
swe,1773,2,animationen,,,,,
swe,985,1,annan,,,,,
swe,1673,1,ansikte,,,,,
swe,1746,2,antikt,,,,,
swe,1770,1,antogs,,,,,
swe,957,8,att,,,,,
swe,1009,27,av,,,,,
swe,1022,85,backe,N,ground,,,
swe,977,74,backen,N,ground,,,
swe,1035,39,badboll,N,figure,,,
swe,1150,6,badbollen,N,figure,,,
swe,1019,52,badring,N,figure,,,
swe,1198,12,badringen,N,figure,,,
swe,1014,2,baklänges,,,,,
swe,1051,19,bakom,,,,,
swe,1175,2,bara,,,,,
swe,962,48,barnvagn,N,figure,,,
swe,1106,15,barnvagnen,N,figure,,,
swe,1672,1,bekymrat,,,,,
swe,1359,5,berg,N,ground,,,
swe,1151,15,berget,N,ground,,,
swe,1066,1,beskriva,,,,,
swe,1079,25,bil,N,figure,,,
swe,1682,2,bild,,,,,
swe,1698,1,bilder,,,,,
swe,1209,28,bildäck,N,figure,,,
swe,1571,2,bildäcket,N,figure,,,
swe,1162,10,bilen,N,figure,,,
swe,1303,3,bilhjul,N,figure,,,
swe,1354,2,blir,,,,,
swe,1688,1,blivit,,,,,
swe,1075,2,blå,Adj,,,,
swe,1282,1,blöt,Adj,,,,
swe,978,16,boll,N,figure,,,
swe,975,18,bollen,N,figure,,,
swe,1005,56,bord,N,figure,,,
swe,1585,1,borde,,,,,
swe,1194,15,bordet,N,figure,,,
swe,1071,1,bra,,,,,
swe,1367,3,brant,,,,,
swe,1703,1,brukade,,,,,
swe,1667,2,brukar,,,,,
swe,1207,3,by,,,,,
swe,1468,4,byggnad,N,ground,,,
swe,1540,4,byggnaden,N,ground,,,
swe,1216,1,byn,,,,,
swe,1685,1,bytte,,,,,
swe,1213,2,cykelhjul,N,figure,,,
swe,1101,3,de,,,,,
swe,1536,3,delfiner,,,,,
swe,1026,46,den,,,,,
swe,931,39,det,,,,,
swe,1483,2,dragit,V,cause_manner,,pull,
swe,1298,3,dramat,N,figure,,,
swe,1183,14,dramaten,N,figure,,,
swe,1614,1,dramatenvagn,N,figure,,,
swe,1523,4,dramatenväska,N,figure,,,
swe,961,312,drar,V,cause_manner,,pull,
swe,1146,197,drog,V,cause_manner,,pull,
swe,996,22,däck,N,figure,,,
swe,1163,7,däcket,N,figure,,,
swe,945,14,där,,,,,
swe,928,2,då,,,,,
swe,1412,5,dörr,N,ground,,,
swe,1498,1,dörren,N,ground,,,
swe,1047,54,efter,,,,,
swe,954,366,eh,Interj,,,,
swe,1248,21,ehm,Interj,,,,
swe,1488,1,ekrar,,,,,
swe,1011,15,eller,,,,,
swe,932,1109,en,,,,,
swe,1549,7,ena,,,,,
swe,1507,1,ens,,,,,
swe,971,333,ett,,,,,
swe,1508,3,fall,,,,,
swe,1721,1,fallet,,,,,
swe,1665,2,fan,,,,,
swe,1538,3,fast,,,,,
swe,1401,3,fel,,,,,
swe,1644,1,fick,,,,,
swe,1133,1,figuren,,,,,
swe,1090,3,fjäll,,,,,
swe,1755,1,fjällstugan,N,ground,,,
swe,1602,1,flod,N,ground,,,
swe,1187,3,flyttade,,,,,SemCat? SemValue?
swe,1562,1,flyttar,,,,,SemCat? SemValue?
swe,1023,2,flätad,,,,,
swe,1154,2,form,,,,,
swe,1782,1,fortfarande,,,,,
swe,1164,3,fram,,,,,
swe,1268,47,framför,,,,,
swe,1134,11,framåt,,,,,SemCat? SemValue?
swe,1245,3,frukt,,,,,
swe,940,1,frågar,,,,,
swe,1040,34,från,,,,,
swe,1328,2,full,,,,,
swe,1321,1,fylld,,,,,
swe,970,98,för,,,,,
swe,1720,1,föremål,,,,,
swe,1176,1,försöka,,,,,
swe,1613,3,förut,,,,,
swe,1694,1,förändrat,,,,,
swe,1243,2,föser,V,cause,,,SemCat? SemValue?
swe,1489,3,gammaldags,,,,,
swe,1270,3,gammalt,,,,,
swe,1220,6,garage,N,ground,,,
swe,1264,4,garaget,N,ground,,,
swe,1464,8,gata,N,ground,,,
swe,1255,20,gatan,N,ground,,,
swe,1411,8,genom,Prep,path,,across,POS?
swe,946,13,gick,,,,,SemCat? SemValue?
swe,1702,2,glad,,,,,
swe,1708,1,grej,,,,,
swe,1709,1,grejen,,,,,
swe,982,73,grotta,N,ground,,,
swe,1006,69,grottan,N,ground,,,
swe,1036,15,grön,Adj,,,,
swe,1132,5,gröna,Adj,,,,
swe,1080,4,gul,Adj,,,,
swe,1281,1,gummidäck,N,figure,,,
swe,991,40,gunghäst,N,figure,,,
swe,1230,15,gunghästen,N,figure,,,
swe,1078,1,gungstol,N,figure,,,
swe,1659,1,gång,,,,,
swe,1609,1,gången,,,,,
swe,1031,30,går,,,,,
swe,1690,2,gått,,,,,
swe,1180,2,gör,,,,,
swe,1440,1,göra,,,,,
swe,1331,3,ha,,,,,
swe,1687,2,hade,,,,,
swe,1060,561,han,,,,,
swe,1091,6,har,,,,,
swe,1564,1,harklar,,,,,
swe,1592,3,hen,,,,,
swe,1237,1,her,,,,,
swe,1061,7,heter,,,,,
swe,1650,4,his,,,,,
swe,1010,49,hjul,,,,,
swe,1131,31,hjulet,,,,,
swe,917,7,hm,,,,,
swe,1109,18,hus,,,,,
swe,1118,15,huset,,,,,
swe,1567,3,husets,,,,,
swe,1202,26,hustak,,,,,
swe,1335,8,hustaket,,,,,
swe,1634,1,husvägg,,,,,
swe,925,38,här,,,,,
swe,1191,1,hästen,,,,,
swe,1402,3,håll,,,,,
swe,1678,1,hållet,,,,,
swe,1034,16,höger,,,,,
swe,1560,1,högra,,,,,
swe,981,298,i,,,,,
swe,1094,3,igen,,,,,
swe,1677,1,ihjäl,,,,,
swe,979,291,in,,,,,
swe,1652,1,inhandlingsväska,,,,,
swe,1704,1,innan,,,,,
swe,1323,1,inne,,,,,
swe,1386,1,inser,,,,,
swe,1217,2,inslagen,,,,,
swe,950,7,inte,,,,,
swe,1714,1,ish,,,,,
swe,1723,1,istället,,,,,
swe,923,47,ja,,,,,
swe,938,13,jag,,,,,
swe,1353,1,japp,,,,,
swe,947,2,ju,,,,,
swe,1347,1,just,,,,,
swe,1584,1,jätteologiskt,,,,,
swe,1765,1,jättestort,,,,,
swe,1769,1,kaffebord,,,,,
swe,1135,1,kan,,,,,
swe,1233,8,kanske,,,,,
swe,1322,3,kasse,,,,,
swe,1021,53,kista,,,,,
swe,1181,13,kistan,,,,,
swe,1689,5,klar,,,,,
swe,1725,1,klarat,,,,,
swe,1196,1,klipp,,,,,
swe,1716,1,klippen,,,,,
swe,1114,25,knuffade,,,,,
swe,1089,21,knuffar,,,,,
swe,1337,5,koffert,,,,,
swe,1242,6,kofferten,,,,,
swe,1377,4,kommer,,,,,
swe,1774,1,konstig,,,,,
swe,1603,1,konstigt,,,,,
swe,1024,57,korg,,,,,
swe,1182,13,korgen,,,,,
swe,1179,1,korrekt,,,,,
swe,1045,2,korsar,,,,,
swe,1073,82,kulle,,,,,
swe,1111,45,kullen,,,,,
swe,1763,1,kullerstensgata,,,,,
swe,1735,4,kullerstensväg,,,,,
swe,1764,1,kullerstensvägen,,,,,
swe,1365,2,kärra,,,,,
swe,1259,4,kärran,,,,,
swe,1087,34,lada,,,,,
swe,1126,23,ladan,,,,,
swe,1305,6,ladugård,,,,,
swe,1250,19,ladugården,,,,,
swe,1620,1,landet,,,,,
swe,1632,4,landskap,,,,,
swe,1062,1,landsväg,,,,,
swe,1059,7,landsvägen,,,,,
swe,1670,1,lastar,,,,,
swe,1201,1,ledde,,,,,
swe,1161,1,leksaken,,,,,
swe,992,25,leksaksbil,,,,,
swe,1228,10,leksaksbilen,,,,,
swe,1046,10,leksakshäst,,,,,
swe,1251,3,leksakshästen,,,,,
swe,1145,1,liksom,,,,,
swe,1110,8,lila,,,,,
swe,1376,3,lilla,,,,,
swe,963,4,lite,,,,,
swe,935,11,liten,,,,,
swe,1467,2,litet,,,,,
swe,994,2,lutande,,,,,
swe,1565,2,lådbil,,,,,
swe,1096,7,man,,,,,
swe,1374,2,massa,,,,,
swe,1598,1,mat,,,,,
swe,1591,1,matvagn,,,,,
swe,1016,112,med,,,,,
swe,1435,9,men,,,,,
swe,1346,1,menar,,,,,
swe,1345,4,mh,,,,,
swe,1070,5,mhm,,,,,
swe,1618,2,mindre,,,,,
swe,1697,1,minen,,,,,
swe,1199,41,mm,,,,,
swe,1754,1,motorfordon,,,,,
swe,1671,1,ned,,,,,
swe,1190,1,nedför,,,,,
swe,1020,87,ner,,,,,
swe,976,229,nerför,,,,,
swe,1160,1,neråt,,,,,
swe,1105,36,nu,,,,,
swe,1717,1,ny,,,,,
swe,1275,9,när,,,,,
swe,1601,1,nästan,,,,,
swe,1285,6,någon,,,,,
swe,1301,2,någonting,,,,,
swe,1211,5,något,,,,,
swe,1425,1,några,,,,,
swe,1007,3,nån,,,,,
swe,952,1,nåt,,,,,
swe,1675,3,nöjd,,,,,
swe,983,46,och,,,,,
swe,1597,1,oidentifierade,,,,,
swe,1277,1,oj,,,,,
swe,1397,1,om,,,,,
swe,1669,1,ordet,,,,,
swe,1615,1,osäker,,,,,
swe,1544,1,ovanför,,,,,
swe,973,49,paket,,,,,
swe,968,17,paketet,,,,,
swe,1666,2,pensionärer,,,,,
swe,1707,1,pensionärs,,,,,
swe,1599,1,pensionärsgrej,,,,,
swe,1753,1,pensionärsväska,,,,,
swe,1711,1,pensionärsväskan,,,,,
swe,1628,1,phone,,,,,
swe,1724,2,pillemarisk,,,,,
swe,1705,1,pillemariska,,,,,
swe,1027,1,pirrabaserad,,,,,
swe,1055,1,pirrabaserade,,,,,
swe,1342,2,plan,,,,,
swe,1621,1,plastbil,,,,,
swe,980,14,plaststol,,,,,
swe,1637,3,port,,,,,
swe,1750,1,portfölj,,,,,
swe,1686,2,pose,,,,,
swe,944,1,precis,,,,,
swe,1085,6,present,,,,,
swe,1777,1,presentkartongen,,,,,
swe,1784,1,presentpaketet,,,,,
swe,1076,62,puttade,,,,,
swe,1082,89,puttar,,,,,
swe,1712,1,puttat,,,,,
swe,1072,87,på,,,,,
swe,1738,3,påse,,,,,
swe,1253,3,påsen,,,,,
swe,1012,1,ratt,,,,,
swe,990,45,resväska,,,,,
swe,1204,10,resväskan,,,,,
swe,1535,2,ring,,,,,
swe,1266,2,ringen,,,,,
swe,1400,1,roterar,,,,,
swe,919,86,rullade,,,,,
swe,974,167,rullar,,,,,
swe,1713,2,rullat,,,,,
swe,1590,1,rullkasse,,,,,
swe,1095,8,rullväska,,,,,
swe,1371,3,runt,,,,,
swe,1485,1,rätt,,,,,
swe,1432,1,saker,,,,,
swe,1355,6,samma,,,,,
swe,1315,6,sand,,,,,
swe,1227,1,sandad,,,,,
swe,1225,1,sandbacke,,,,,
swe,1596,1,sandbacken,,,,,
swe,1749,4,sandbank,,,,,
swe,1656,1,sandbanken,,,,,
swe,1766,1,sanddun,,,,,
swe,1768,3,sanddunen,,,,,
swe,1086,17,sanddyn,,,,,
swe,1280,11,sanddyna,,,,,
swe,1527,1,sanddynan,,,,,
swe,1263,18,sanddynen,,,,,
swe,1594,1,sandgrej,,,,,
swe,1366,1,sandig,,,,,
swe,1219,11,sandkulle,,,,,
swe,1420,1,se,,,,,
swe,1395,2,sedan,,,,,
swe,1239,3,sen,,,,,
swe,926,13,ser,,,,,
swe,1657,1,shopping,,,,,
swe,1494,2,shoppingbag,,,,,
swe,1370,10,sidan,,,,,
swe,1048,136,sig,,,,,
swe,1312,16,sin,,,,,
swe,1695,1,sitt,,,,,
swe,1587,1,själv,,,,,
swe,1097,2,ska,,,,,
swe,1722,1,skidback,,,,,
swe,1701,3,skidbacke,,,,,
swe,1381,3,skidbacken,,,,,
swe,1595,1,skjul,,,,,
swe,967,86,skjuter,,,,,
swe,1210,12,skogen,,,,,
swe,1394,3,skogsdungen,,,,,
swe,1013,49,skottkärra,,,,,
swe,1093,21,skottkärran,,,,,
swe,1244,1,skulle,,,,,
swe,1728,1,skuter,,,,,
swe,1267,42,sköt,,,,,
swe,1676,1,slagit,,,,,
swe,1497,4,slags,,,,,
swe,1229,6,sluttande,,,,,
swe,1633,3,sluttning,,,,,
swe,1466,3,slänt,,,,,
swe,1568,4,slänten,,,,,
swe,1152,28,släpade,,,,,
swe,1112,39,släpar,,,,,
swe,964,1,snett,,,,,
swe,1289,1,snurrar,,,,,
swe,1284,5,snö,,,,,
swe,1525,5,snöbacke,,,,,
swe,1630,1,snöbacken,,,,,
swe,1496,4,snöbeklädd,,,,,
swe,1524,1,snöberg,,,,,
swe,1477,2,snöboll,,,,,
swe,1407,1,snöddynen,,,,,
swe,1636,4,snödriva,,,,,
swe,1779,4,snödrivan,,,,,
swe,1221,4,snöfylld,,,,,
swe,1416,4,snöhög,,,,,
swe,1379,3,snöig,,,,,
swe,1622,1,snöiga,,,,,
swe,1476,1,snöklädd,,,,,
swe,1414,6,snökulle,,,,,
swe,1405,3,snökullen,,,,,
swe,1413,1,snön,,,,,
swe,1283,7,snötäckt,,,,,
swe,1760,1,soffbord,,,,,
swe,942,31,som,,,,,
swe,1348,1,sorry,,,,,
swe,1681,2,spegelvänd,,,,,
swe,1715,2,spegelvänt,,,,,
swe,1178,1,språkligt,,,,,
swe,1480,2,stad,,,,,
swe,1482,1,staden,,,,,
swe,1610,1,stadsgata,,,,,
swe,1037,7,stall,,,,,
swe,1655,2,stallet,,,,,
swe,1375,1,stengatan,,,,,
swe,1108,1,stenlagd,,,,,
swe,1107,7,stenlagda,,,,,
swe,1269,2,stenvägen,,,,,
swe,1074,41,stol,,,,,
swe,1153,15,stolen,,,,,
swe,1272,31,stor,,,,,
swe,1487,3,stora,,,,,
swe,1149,18,stort,,,,,
swe,1316,1,strand,,,,,
swe,1317,7,stranden,,,,,
swe,1654,1,strandvallen,,,,,
swe,1625,1,styrde,,,,,
swe,1218,1,svart,,,,,
swe,1236,1,svenska,,,,,
swe,1775,1,svårt,,,,,
swe,1692,1,syssla,,,,,
swe,1003,48,säck,,,,,
swe,1052,20,säcken,,,,,
swe,1098,2,säga,,,,,
swe,1234,2,säger,,,,,
swe,929,5,så,,,,,
swe,1589,4,sådan,,,,,
swe,1479,1,sådant,,,,,
swe,1271,4,sån,,,,,
swe,1212,1,sånt,,,,,
swe,995,51,tak,,,,,
swe,1004,51,taket,,,,,
swe,1736,1,taknocken,,,,,
swe,1668,1,tappat,,,,,
swe,1415,2,tar,,,,,
swe,1238,5,throat,,,,,
swe,1679,9,tidigare,,,,,
swe,988,34,till,,,,,
swe,1000,3,tillbaka,,,,,
swe,1409,1,tillsammans,,,,,
swe,1358,1,tog,,,,,
swe,1583,2,tror,,,,,
swe,1235,4,trycker,,,,,
swe,1384,1,tryckte,,,,,
swe,1327,1,träbord,,,,,
swe,1390,1,träden,,,,,
swe,1680,1,trädgårdsstol,,,,,
swe,1710,3,trädgårdsstolen,,,,,
swe,1739,2,trähjul,,,,,
swe,1539,1,trähäst,,,,,
swe,1352,2,trähästen,,,,,
swe,1042,1,tvärtom,,,,,
swe,1600,1,tycker,,,,,
swe,1008,4,typ,,,,,
swe,1314,1,täck,,,,,
swe,1174,1,up,,,,,
swe,969,151,upp,,,,,
swe,993,179,uppför,,,,,
swe,1147,1,uppåt,,,,,
swe,1241,12,ut,,,,,
swe,1104,1,utan,,,,,
swe,1696,1,utseende,,,,,
swe,1706,1,utseenden,,,,,
swe,1177,1,uttrycka,,,,,
swe,1486,1,v,,,,,
swe,1465,1,va,,,,,
swe,941,17,vad,,,,,
swe,1088,6,vagn,,,,,
swe,1186,13,vagnen,,,,,
swe,1619,3,vagnshjul,,,,,
swe,1771,2,vagnshjulet,,,,,
swe,1691,1,vanliga,,,,,
swe,965,8,var,,,,,
swe,951,4,vara,,,,,
swe,1387,1,vatten,,,,,
swe,1286,2,vattendrag,,,,,
swe,1294,1,vattendraget,,,,,
swe,1767,4,vattnet,,,,,
swe,1503,2,vet,,,,,
swe,1629,1,vibration,,,,,
swe,1002,7,vid,,,,,
swe,936,80,väg,,,,,
swe,922,150,vägen,,,,,
swe,1674,2,väldigt,,,,,
swe,1041,14,vänster,,,,,
swe,1561,1,vänstra,,,,,
swe,1028,22,väska,,,,,
swe,1056,16,väskan,,,,,
swe,1200,1,yes,,,,,
swe,1693,2,ännu,,,,,
swe,1534,1,äppelkorg,,,,,
swe,1569,4,äppelkorgen,,,,,
swe,1025,58,äpplen,,,,,
swe,955,16,är,,,,,
swe,1189,1,äsk,,,,,
swe,1586,1,åka,,,,,
swe,1631,4,ån,,,,,
swe,1033,5,åt,,,,,
swe,921,291,över,,,,,
